Hamburg_Hall1_050107062018_102_log.txt, 36
Hamburg_Hall1_050107062018_055_log.txt, 33
Hamburg_Hall1_050107062018_045_log.txt, 26
Hamburg_Hall1_050107062018_037_log.txt, 17
Hamburg_Hall1_050107062018_027_log.txt, 17
Hamburg_Hall1_050107062018_073_log.txt, 23
Hamburg_Hall1_050107062018_063_log.txt, 22
Hamburg_Hall1_050107062018_097_log.txt, 30
Hamburg_Hall1_050107062018_087_log.txt, 35
Hamburg_Hall1_050107062018_062_log.txt, 23
Hamburg_Hall1_050107062018_072_log.txt, 25
Hamburg_Hall1_050107062018_086_log.txt, 30
Hamburg_Hall1_050107062018_096_log.txt, 27
Hamburg_Hall1_050107062018_103_log.txt, 33
Hamburg_Hall1_050107062018_044_log.txt, 29
Hamburg_Hall1_050107062018_054_log.txt, 25
Hamburg_Hall1_050107062018_026_log.txt, 21
Hamburg_Hall1_050107062018_036_log.txt, 33
Hamburg_Hall1_050107062018_070_log.txt, 24
Hamburg_Hall1_050107062018_060_log.txt, 32
Hamburg_Hall1_050107062018_094_log.txt, 32
Hamburg_Hall1_050107062018_084_log.txt, 29
Hamburg_Hall1_050107062018_069_log.txt, 23
Hamburg_Hall1_050107062018_101_log.txt, 20
Hamburg_Hall1_050107062018_079_log.txt, 27
Hamburg_Hall1_050107062018_034_log.txt, 22
Hamburg_Hall1_050107062018_056_log.txt, 29
Hamburg_Hall1_050107062018_046_log.txt, 30
Hamburg_Hall1_050107062018_078_log.txt, 32
Hamburg_Hall1_050107062018_100_log.txt, 31
Hamburg_Hall1_050107062018_068_log.txt, 25
Hamburg_Hall1_050107062018_025_log.txt, 26
Hamburg_Hall1_050107062018_035_log.txt, 15
Hamburg_Hall1_050107062018_047_log.txt, 22
Hamburg_Hall1_050107062018_057_log.txt, 28
Hamburg_Hall1_050107062018_061_log.txt, 29
Hamburg_Hall1_050107062018_071_log.txt, 30
Hamburg_Hall1_050107062018_085_log.txt, 40
Hamburg_Hall1_050107062018_095_log.txt, 31
Hamburg_Hall1_050107062018_029_log.txt, 15
Hamburg_Hall1_050107062018_039_log.txt, 14
Hamburg_Hall1_050107062018_090_log.txt, 40
Hamburg_Hall1_050107062018_080_log.txt, 24
Hamburg_Hall1_050107062018_074_log.txt, 21
Hamburg_Hall1_050107062018_064_log.txt, 26
Hamburg_Hall1_050107062018_030_log.txt, 31
Hamburg_Hall1_050107062018_089_log.txt, 19
Hamburg_Hall1_050107062018_099_log.txt, 26
Hamburg_Hall1_050107062018_052_log.txt, 20
Hamburg_Hall1_050107062018_042_log.txt, 18
Hamburg_Hall1_050107062018_098_log.txt, 24
Hamburg_Hall1_050107062018_088_log.txt, 29
Hamburg_Hall1_050107062018_031_log.txt, 28
Hamburg_Hall1_050107062018_043_log.txt, 22
Hamburg_Hall1_050107062018_053_log.txt, 23
Hamburg_Hall1_050107062018_081_log.txt, 35
Hamburg_Hall1_050107062018_091_log.txt, 26
Hamburg_Hall1_050107062018_038_log.txt, 31
Hamburg_Hall1_050107062018_028_log.txt, 17
Hamburg_Hall1_050107062018_065_log.txt, 22
Hamburg_Hall1_050107062018_075_log.txt, 22
Hamburg_Hall1_050107062018_051_log.txt, 21
Hamburg_Hall1_050107062018_041_log.txt, 18
Hamburg_Hall1_050107062018_033_log.txt, 26
Hamburg_Hall1_050107062018_093_log.txt, 28
Hamburg_Hall1_050107062018_083_log.txt, 28
Hamburg_Hall1_050107062018_048_log.txt, 27
Hamburg_Hall1_050107062018_058_log.txt, 25
Hamburg_Hall1_050107062018_077_log.txt, 34
Hamburg_Hall1_050107062018_067_log.txt, 22
Hamburg_Hall1_050107062018_082_log.txt, 28
Hamburg_Hall1_050107062018_092_log.txt, 29
Hamburg_Hall1_050107062018_059_log.txt, 23
Hamburg_Hall1_050107062018_049_log.txt, 20
Hamburg_Hall1_050107062018_066_log.txt, 26
Hamburg_Hall1_050107062018_076_log.txt, 19
Hamburg_Hall1_050107062018_040_log.txt, 27
Hamburg_Hall1_050107062018_050_log.txt, 23
Hamburg_Hall1_050107062018_032_log.txt, 26
